,public_udp,example.com,1,NA,ok
,public_udp,example.com,2,NA,ok
,public_udp,example.com,3,NA,ok
2025-10-27T22:21:32Z,public_udp,example.com,1,NA,ok
2025-10-27T22:21:37Z,public_udp,example.com,2,NA,ok
2025-10-27T22:21:42Z,public_udp,example.com,3,NA,ok
2025-10-27T22:58:57Z,public_udp,example.com,1,NA,ok
2025-10-27T22:58:57Z,public_udp,example.com,2,NA,ok
2025-10-27T22:58:57Z,public_udp,example.com,3,NA,ok
2025-10-27T23:00:19Z,public_udp,example.com,1,0,ok
2025-10-27T23:00:20Z,public_udp,example.com,2,0,ok
2025-10-27T23:00:20Z,public_udp,example.com,3,0,ok
